Names,Redshift,NH,RA,Dec,XP_RAdeg,XP_Dedeg,Offset,CenterIDFlag,ProfileFlag,OBSIDs
, ,10+22cm^-2,deg ,deg,deg,deg,arcsec, ,,
ACCEPT2.0 Name,NED Redshift,Galactic Hydrogen Column (Stark et al. 1992),ACCEPT2.0 Center RA J2000,ACCEPT2.0 Center RA J2000,ACCEPT2.0 X-ray Peak RA J2000,ACCEPT2.0 X-ray Peak Dec J2000,Difference between peak and aperture center,if peak or centroid centered ,Y means an entropy profile is in Table 5/6,Chandra ObsIDs used in the ACCEPT2.0 analysis
ABELL_2717,0.049,0.0111,0.804,-35.9334,0.804,-35.9334,0.1,peak,Y,    6974    6973
NSCS_J000619+105206,0.167,0.0577,1.5845,10.8643,1.5845,10.8643,0,peak,Y,   12251
ZwCl_0008.8+5215,0.104,0.2003,2.8647,52.5265,2.8396,52.5292,56,centroid,Y,   15318
MACS_J0011.7-1523,0.378,0.0204,2.9286,-15.3892,2.929,-15.3891,1.4,peak,Y,    3261    6105
ABELL_0013,0.094,0.0203,3.4098,-19.5005,3.4079,-19.5025,9.8,centroid,Y,    4945
ABELL_2744,0.308,0.0161,3.5807,-30.3909,3.5814,-30.3917,3.7,peak,Y,    2212    8477    8557    7915
SPT-CLJ0014-4952,0.752,0.0195,3.7037,-49.8838,3.7037,-49.8838,0,peak,N,   13471
Cl_0016+16,0.541,0.0405,4.6402,16.4359,4.6396,16.4369,4.4,peak,Y,     520
MACS_J0025.4-1222,0.584,0.027,6.3737,-12.3761,6.3737,-12.3761,0,peak,Y,    5010    3251   10797   10413
ZwCl_0024.0+1652,0.39,0.0419,6.6499,17.1626,6.6487,17.162,4.4,peak,N,     929
MCXC_J0027.8+2616,0.367,0.0385,6.9383,26.2756,6.9398,26.2737,8.5,centroid,N,    3249   14012
PLCKESZ_G304.84-41.42,0.41,0.0446,7.026,-75.6358,7.0238,-75.6301,20.8,centroid,Y,   14390
WARP_J0030.5+2618,0.5,0.0393,7.6427,26.3027,7.6412,26.3027,4.9,peak,N,    1190    5762    1226
MCXC_J0035.4-2015,0.364,0.0161,8.8586,-20.2623,8.8607,-20.2628,7.3,centroid,Y,    3262
ABELL_0068,0.255,0.0504,9.2775,9.1578,9.277,9.159,4.5,peak,Y,    3250
ABELL_0085,0.055,0.0329,10.4599,-9.3029,10.46,-9.303,0.4,peak,Y,     904
ABELL_2813,0.292,0.0155,10.8535,-20.6234,10.8537,-20.6236,1,peak,Y,    9409
ZwCl_0040.8+2404,0.083,0.0391,10.9678,24.4059,10.9678,24.4054,2,peak,Y,   11735
ABELL_0098N,0.104,0.0336,11.6029,20.6218,11.6029,20.6221,1,peak,Y,   11876   11877
A98ss,0.129,0.0336,11.6516,20.2567,11.6519,20.257,1.4,peak,N,   12185
ESO_351-_G_021,0.057,0.023,13.7497,-35.3214,13.7493,-35.3209,2.2,peak,Y,    5784
ABELL_0119,0.044,0.0316,14.0755,-1.2422,14.0631,-1.2499,52.5,centroid,N,    4180    7918
ABELL_0122,0.114,0.0104,14.3453,-26.2808,14.3447,-26.2805,2.2,peak,N,    9427
SPT-CLJ0058-6145,0.83,0.018,14.588,-61.7679,14.588,-61.7679,0,peak,N,   13479
ABELL_0133,0.0566,0.0158,15.6737,-21.8818,15.674,-21.8805,4.7,peak,Y,    2203    9897   13518
SPT-CL_J0102-4915,0.75,0.0302,15.7378,-49.2725,15.7403,-49.272,6.2,centroid,Y,   14022   14023   12258
_SBV2004__RS_28,0.275,0.0349,16.2302,0.0596,16.2302,0.0596,0,peak,N,   11765
ABELL_0141,0.23,0.0161,16.3979,-24.6301,16.3933,-24.633,18.4,centroid,Y,    9410
SPT-CLJ0106-5943,0.348,0.0288,16.6175,-59.7204,16.6175,-59.7204,0,peak,N,   13468
MaxBCG_J016.70077+01.05926,0.254,0.0314,16.7062,1.0563,16.7042,1.0538,11.2,centroid,Y,   10465
CIZA_J0107.7+5408,0.107,0.2488,16.9381,54.1327,16.9381,54.1327,0,peak,Y,   15152
IC_1633,0.0243,0.0212,17.4809,-45.9308,17.4809,-45.9308,0.1,peak,Y,    4971
ABELL_0160,0.045,0.0438,18.2737,15.5298,18.2529,15.4875,168.5,centroid,Y,    3219
NSCS_J011502+002441,0.045,0.0325,18.7658,0.4041,18.7399,0.4273,125.4,centroid,Y,    3203
ABELL_2895,0.227,0.0159,19.5469,-26.9653,19.5469,-26.9653,0,peak,Y,    9429
UGC_00842,0.045,0.0367,19.7235,-1.0021,19.7248,-1.0021,4.6,peak,Y,    4963
SPT-CLJ0123-4821,0.62,0.0197,20.7992,-48.3566,20.7992,-48.3566,0,peak,N,   13491
ABELL_0193,0.049,0.0457,21.2802,8.7003,21.2819,8.6992,7.3,centroid,Y,    6931
ABELL_0209,0.206,0.0205,22.9701,-13.6114,22.969,-13.6108,4.2,peak,Y,    3579     522
Abell_222,0.211,0.0235,24.3946,-12.9931,24.394,-12.993,2.2,peak,Y,    4967
Abell_223,0.207,0.0235,24.4835,-12.8198,24.4832,-12.8196,1.4,peak,Y,    4967
MACS0140.0-0555,0.454,0.0299,25.0065,-5.9191,25.0065,-5.9191,0,peak,N,   12243    5013
MCXC_J0142.0+2131,0.28,0.0732,25.5134,21.5212,25.5134,21.5215,1,peak,N,   10440
SDSS_J015021.27-100530.5_GROUP,0.365,0.0236,27.5885,-10.0915,27.5894,-10.0918,3.1,peak,N,   11711
SPT-CLJ0151-5954,1.03,0.0327,27.8452,-59.9075,27.8452,-59.9075,0,peak,N,   13480   14380
MCXC_J0152.5-2853,0.341,0.0147,28.1437,-28.8937,28.1437,-28.8937,0,peak,N,    3264
ABELL_0267,0.231,0.0277,28.1774,1.0123,28.1761,1.0126,4.8,peak,Y,    3580
ABELL_0262,0.0174,0.0546,28.1929,36.1533,28.1929,36.1533,0.1,peak,Y,    2215    7921
SPT-CLJ0156-5541,1.22,0.0349,29.0423,-55.6987,29.0423,-55.6987,0,peak,N,   13489
NGC_0741_GROUP,0.0185,0.0443,29.0876,5.6272,29.0875,5.6272,0.2,peak,Y,    2223
GMBCG_J029.95560-08.83299,0.322,0.021,29.956,-8.8336,29.9561,-8.8336,0.2,peak,Y,    6106    3265    9376
ARP_318,0.0132,0.0221,32.4095,-10.1459,32.4095,-10.1459,0.1,peak,N,     923   15667   15666   15181
MCXC_J0220.9-3829,0.229,0.0185,35.2357,-38.4804,35.2358,-38.4809,1.7,peak,Y,    9411
ABELL_3017,0.22,0.0208,36.4715,-41.9152,36.4712,-41.9179,9.9,centroid,Y,   15110
WHL_J022825.9+003202,0.414,0.0294,37.1072,0.5328,37.1078,0.5325,2.2,peak,N,   10794   10744
MZ_10451,0.061,0.0168,37.4397,-29.6287,37.4403,-29.63,5.3,centroid,Y,   10467   10800   10802
SPT-CL_J0232-4421,0.284,0.0246,38.0777,-44.3462,38.0782,-44.3463,1.3,peak,Y,    4993
SPT-CL_J0234-5831,0.415,0.0354,38.6747,-58.5236,38.6747,-58.5236,0,peak,N,   13403
ABELL_0368,0.22,0.0174,39.3652,-26.508,39.3652,-26.5081,0.3,peak,Y,    9412
400d_J0237-5224,0.136,0.0311,39.5034,-52.4198,39.4976,-52.4143,23.5,centroid,N,    9392
ABELL_0370,0.375,0.0304,39.9707,-1.5793,39.9715,-1.5769,9.1,centroid,Y,     515
MACS_J0242.6-2132,0.314,0.0271,40.6495,-21.5406,40.6496,-21.5406,0.3,peak,Y,    3266
SPT-CLJ0243-5930,0.635,0.036,40.863,-59.5172,40.863,-59.5172,0,peak,N,   15573   13484
ABELL_S0295,0.3,0.0331,41.3616,-53.03,41.3602,-53.0297,3.1,peak,Y,   12260
400d_J0245+0936,0.147,0.0961,41.4538,9.6106,41.4538,9.6104,1,peak,N,    9394
ABELL_0376,0.048,0.067,41.5164,36.9055,41.5164,36.9055,0,peak,Y,   12277
ABELL_0383,0.187,0.04,42.0141,-3.5293,42.014,-3.5291,0.8,peak,Y,     524    2321    2320
SPT-CLJ0252-4824,0.421,0.0253,43.2076,-48.4163,43.2076,-48.4163,0,peak,N,   13494
NGC_1132,0.023,0.052,43.2158,-1.2748,43.2163,-1.274,3.6,peak,Y,    3576
WBL_088,0.017,0.095,43.6146,41.5794,43.6151,41.5797,1.8,peak,N,     908   11717   12017   12018
SPT-CLJ0256-5617,0.58,0.0241,44.1056,-56.2982,44.1056,-56.2982,0,peak,N,   13481   14448
MACS_J0257-2325,0.5049,0.0212,44.288,-23.435,44.288,-23.435,0,peak,Y,    3581    1654
ABELL_0402,0.322,0.0216,44.4217,-22.1549,44.4209,-22.1531,7.2,centroid,Y,    3267
ABELL_0400,0.0244,0.0943,44.4234,6.0243,44.4234,6.0243,0.2,peak,Y,    4181
ABELL_0399,0.072,0.1193,44.4726,13.0253,44.4724,13.0252,0.8,peak,Y,    3230
ABELL_3074,0.073,0.0206,44.5469,-52.7284,44.5446,-52.7333,18.4,centroid,N,    6950    7374
ABELL_0401,0.074,0.1017,44.7438,13.5788,44.7372,13.5707,37.3,centroid,Y,   14024
MCXC_J0301.6+0155,0.17,0.0756,45.4092,1.9208,45.4092,1.9205,1,peak,Y,   12253
400d_J0302-0423,0.35,0.0556,45.588,-4.39,45.5886,-4.3905,2.8,peak,N,    5782
MCXC_J0303.7-7752,0.274,0.0877,45.9413,-77.8792,45.9387,-77.8798,2.8,peak,Y,   15113
ACT-CL_J0304-4921,0.392,0.0238,46.0673,-49.357,46.0681,-49.357,2,peak,N,   12265
IC_1880_GROUP,0.0338,0.0665,46.6186,-9.7312,46.6186,-9.7312,0.1,peak,Y,    9389
ABELL_3088,0.253,0.0137,46.7581,-28.6658,46.7572,-28.6654,3,peak,Y,    9414
SPT-CLJ0307-6225,0.579,0.0248,46.8203,-62.4458,46.8203,-62.4458,0,peak,N,   12191
SPT-CLJ0307-5042,0.55,0.021,46.9607,-50.7019,46.9607,-50.7019,0,peak,N,   13476
MACS_J0308.9+2645,0.324,0.1187,47.2331,26.7611,47.233,26.7607,1.7,peak,Y,    3268
SPT-CLJ0310-4647,0.709,0.0225,47.6349,-46.7862,47.6349,-46.7862,0,peak,N,   13492
ABELL_3094,0.068,0.0154,47.8989,-26.8985,47.8995,-26.8988,2.2,peak,Y,    5799
ABELL_3112,0.0752,0.0254,49.4905,-44.2384,49.4903,-44.2381,1.1,peak,N,   13135    2516    6972    7323
400d_J0318-0302,0.37,0.0471,49.6437,-3.0509,49.6429,-3.0498,4.9,peak,N,    5775
ABELL_3120,0.069,0.0243,50.4849,-51.3266,50.4853,-51.3265,0.9,peak,Y,    6951
SPT-CLJ0324-6236,0.73,0.0416,51.0518,-62.5988,51.0518,-62.5988,0,peak,N,   13137   13213   12181
UGC_02748,0.03,0.0874,51.9757,2.5616,51.9752,2.5616,2,peak,Y,   12007   11977   11751
400d_J0328-2140,0.59,0.0217,52.1494,-21.6736,52.1491,-21.6736,1,peak,N,    6258    5755
ABELL_3126,0.086,0.0306,52.1494,-55.718,52.1524,-55.718,5.9,centroid,Y,   15313
MACS_J0329.6-0211,0.45,0.0585,52.4237,-2.1966,52.4237,-2.1966,0.2,peak,Y,    3582    6108    3257
ABELL_3128,0.06,0.0149,52.4609,-52.5804,52.4605,-52.5801,1.4,peak,Y,     893
MCXC_J0331.1-2100,0.188,0.0245,52.775,-21.0089,52.7751,-21.0092,0.8,peak,Y,   10790    9415
SPT-CLJ0334-4659,0.485,0.016,53.546,-46.996,53.546,-46.996,0,peak,N,   13470
3C_089,0.139,0.0726,53.5625,-1.1882,53.5625,-1.1882,0,peak,Y,   14028   14379
Fornax_Cluster,0.0046,0.0149,54.6204,-35.4499,54.6204,-35.4499,0.1,peak,Y,    4172
MCXC_J0338.6+0958,0.0363,0.1814,54.6713,9.9669,54.6713,9.9669,0.2,peak,Y,    7939    9792     919
400d_J0340-2840,0.068,0.0087,55.105,-28.6774,55.0988,-28.6837,30,centroid,N,    9385
MCXC_J0340.8-4542,0.07,0.0162,55.2241,-45.6768,55.2241,-45.6765,1,peak,Y,    6954
III_Zw_054,0.029,0.1615,55.3153,15.4097,55.3229,15.3985,48,centroid,Y,    4182
ABELL_3158,0.06,0.014,55.7139,-53.6297,55.7278,-53.6234,37.2,centroid,N,    3201    3712
ACT-CL_J0346-5438,0.55,0.0167,56.7326,-54.6485,56.7331,-54.6488,1.4,peak,N,   12270   13155
SPT-CLJ0352-5647,0.67,0.0256,58.2416,-56.7955,58.2416,-56.7955,0,peak,N,   13490
MCXC_J0352.9+1941,0.109,0.139,58.2457,19.683,58.2437,19.6819,7.9,centroid,Y,   10466
MACS_J0358.8-2955,0.425,0.0102,59.7263,-29.9259,59.719,-29.9303,27.6,centroid,Y,   11719   12300   13194
400d_J0405-4100,0.686,0.0202,61.3517,-41.0054,61.3517,-41.0057,1,peak,N,    7191
ABELL_0478,0.088,0.1506,63.355,10.4653,63.3556,10.4653,2.1,peak,Y,    1669
MACS_J0416.1-2403,0.42,0.0316,64.0394,-24.0655,64.0393,-24.0669,4.9,peak,Y,   10446   16237
SPT-CL_J0417-4748,0.62,0.0182,64.3465,-47.8134,64.3465,-47.8134,0,peak,N,   13397
MACS_J0417.5-1154,0.44,0.0388,64.3926,-11.9096,64.3945,-11.9091,6.9,centroid,Y,    3270   12010   11759
MCXC_J0419.6+0224,0.0123,0.1121,64.9083,2.4102,64.9088,2.4099,2.1,peak,Y,    3186    3187
MCXC_J0425.8-0833,0.04,0.0624,66.4634,-8.5604,66.4636,-8.5601,1.4,peak,Y,    4183
SPT-CLJ0426-5455,0.63,0.0151,66.5191,-54.9116,66.5191,-54.9116,0,peak,N,   13472
ABELL_S0463,0.039,0.011,67.1569,-53.8402,67.1559,-53.8418,6.2,centroid,Y,    7250    6956
MACS_J0429.6-0253,0.399,0.0587,67.4,-2.8854,67.4004,-2.8858,2,peak,Y,    3271
ABELL_3266,0.0589,0.0157,67.8044,-61.4537,67.8054,-61.4535,2,peak,Y,     899
ABELL_0496,0.0329,0.0481,68.4085,-13.261,68.4085,-13.261,0.1,peak,Y,    4976
MCXC_J0437.1+0043,0.285,0.0798,69.2898,0.7322,69.2898,0.7322,0,peak,Y,    7900   11729
MCXC_J0439.0+0715,0.23,0.111,69.7523,7.2684,69.753,7.2688,2.7,peak,Y,    3583
MCXC_J0439.0+0520,0.208,0.1031,69.759,5.3454,69.7592,5.3453,0.9,peak,Y,     527    9369
MCXC_J0443.1+0210,0.19,0.0991,70.7914,2.172,70.7915,2.1719,0.5,peak,Y,    4196
ABELL_0514,0.071,0.0319,72.007,-20.4478,72.0172,-20.4519,37.5,centroid,N,    3578
ABELL_3292,0.172,0.0186,72.483,-44.6731,72.4841,-44.6725,3.5,peak,Y,    9417
WEIN_051,0.022,0.7014,72.5271,45.0518,72.5271,45.051,2.9,peak,Y,    2219
MACS_J0451.9+0006,0.43,0.0744,72.9766,0.1055,72.9766,0.1055,0,peak,N,    5815
ABELL_0521,0.2533,0.0592,73.5278,-10.2209,73.5264,-10.2214,5.1,centroid,Y,   13190     430   12880     901
MCXC_J0454.1-0300,0.55,0.0523,73.5471,-3.0159,73.5459,-3.0145,6.7,centroid,Y,     902
ESO_552-_G_020,0.031,0.0408,73.7181,-18.1154,73.718,-18.1157,1.2,peak,Y,    3206
MACS_J0455.2+0657,0.425,0.0962,73.822,6.9634,73.822,6.9634,0,peak,N,    5812
SPT-CLJ0456-5116,0.562,0.0194,74.1149,-51.2789,74.1149,-51.2789,0,peak,N,   13474
SPT-CL_J0509-5342,0.463,0.0578,77.3385,-53.7035,77.3366,-53.7024,5.6,centroid,N,    9432
ABELL_3322,0.2,0.0293,77.5713,-45.3215,77.5705,-45.3212,2.2,peak,Y,   15111
MCXC_J0510.7-0801,0.22,0.083,77.6985,-8.0275,77.6985,-8.0275,0,peak,Y,   14011
ABELL_3330,0.092,0.025,78.6647,-49.0581,78.6688,-49.0546,16.1,centroid,N,    4980
ABELL_0539,0.028,0.1279,79.1557,6.4406,79.1556,6.4403,0.9,peak,N,    7209    5808
ABELL_S0520,0.295,0.0647,79.1571,-54.5131,79.1571,-54.5131,0,peak,Y,   15099    9331
MCXC_J0520.7-1328,0.34,0.0854,80.1751,-13.4803,80.1752,-13.4804,0.3,peak,Y,    3272
CXOU_J052215-481816,0.296,0.0385,80.5635,-48.3045,80.5611,-48.3039,6.2,centroid,N,    4208
ABELL_3343,0.191,0.0409,81.4534,-47.2528,81.453,-47.2528,1,peak,Y,   15122
MCXC_J0528.2-2942,0.158,0.0183,82.0607,-29.7219,82.0613,-29.7208,4.4,peak,Y,    9418
RBS_0653,0.284,0.0235,82.2209,-39.4705,82.221,-39.471,1.7,peak,Y,   15177    4994   15658
PLCKESZ_G286.58-31.25,0.21,0.0879,82.8695,-75.1768,82.8684,-75.1793,8.9,centroid,Y,   15115
ABELL_0545,0.154,0.1142,83.1057,-11.5422,83.1054,-11.5424,1.4,peak,Y,   13998
MCXC_J0532.9-3701,0.275,0.0279,83.2314,-37.0264,83.2314,-37.0264,0,peak,Y,   15112
ESO3060170-A,0.036,0.0321,85.0278,-40.8366,85.0279,-40.8369,1,peak,Y,    3188    3189
RDCS_J0542-4100,0.64,0.0359,85.7091,-40.9996,85.707,-40.9994,6,centroid,N,     914
MCXC_J0547.0-3904,0.21,0.0403,86.7563,-39.074,86.7566,-39.0745,1.9,peak,Y,    3273
ABELL_3364,0.148,0.0203,86.9065,-31.8712,86.9071,-31.8732,7.3,centroid,Y,    9419
ABELL_0548A,0.04,0.019,87.1596,-25.4779,87.1596,-25.4779,0,peak,Y,   12273
SPT-CL_J0551-5709,0.423,0.064,87.8876,-57.1491,87.8876,-57.1491,0,peak,N,   11743   11871
ABELL_0550,0.099,0.0439,88.2159,-21.0536,88.2147,-21.0536,3.9,peak,Y,   15307
MACS_J0553.4-3342,0.407,0.0276,88.3574,-33.7085,88.3653,-33.7104,24.6,centroid,Y,   12244
SPT-CL_J0559-5249,0.611,0.0566,89.9283,-52.8309,89.9292,-52.8298,4.4,peak,N,   13117   13116   12264
ABELL_3376,0.046,0.0503,90.548,-39.9498,90.549,-39.9497,2.7,peak,N,    3450    3202
ABELL_3378,0.141,0.0432,91.4749,-35.3022,91.4749,-35.3022,0,peak,Y,   15315
SPT-CL_J0615-5746,0.972,0.0458,93.9661,-57.7794,93.9661,-57.7794,0,peak,Y,   14351   14437   14349   14018
CIZA_J0616.3-2156,0.171,0.107,94.1033,-21.9383,94.1033,-21.9383,0,peak,Y,   15100
ABELL_S0579,0.152,0.0724,94.1339,-39.7968,94.1339,-39.7968,0,peak,Y,   15126
ACT-CL_J0616-5227,0.71,0.0513,94.1427,-52.4521,94.1423,-52.4529,3.1,peak,N,   13127   12261
G139.59+24.18,0.27,0.0766,95.4541,74.7014,95.4541,74.7014,0,peak,Y,   15139
ABELL_3391,0.051,0.0548,96.5785,-53.6926,96.5896,-53.6958,26.4,centroid,Y,    4943
ABELL_3395_SW,0.051,0.0692,96.6806,-54.5435,96.7019,-54.5498,49.9,centroid,Y,    4944
ABELL_3399,0.203,0.0697,99.3088,-48.4719,99.3105,-48.4719,3.9,peak,Y,   15125
PLCKESZ_G167.65+17.64,0.174,0.1116,99.5162,47.7986,99.5154,47.7983,2.2,peak,Y,   14388
ABELL_S0592,0.222,0.0646,99.702,-53.9742,99.7025,-53.974,1.4,peak,Y,    9420
ABELL_3402,0.146,0.0457,100.4229,-49.7947,100.4102,-49.7844,47.6,centroid,N,   12267
ABELL_3404,0.167,0.0654,101.37,-54.2284,101.3709,-54.2286,2.2,peak,Y,   15301
MACS_J0647.8+7015,0.5907,0.052,101.9585,70.2471,101.9585,70.2471,0,peak,Y,    3196    3584
ABELL_0562,0.11,0.0527,103.3394,69.331,103.3397,69.3309,0.4,peak,Y,    6936
Bullet_Cluster,0.296,0.0637,104.6276,-55.9388,104.6235,-55.9444,21.7,centroid,N,    3184    5356    5361    4984
MACS_J0712.3+5931,0.328,0.0555,108.0864,59.5389,108.0853,59.5387,2.2,peak,N,   11709
MACS_J0717+3745,0.546,0.0706,109.3756,37.76,109.3819,37.7551,25,centroid,Y,    4200   16235    1655
400d_J0720+7108,0.231,0.0388,110.2248,71.1497,110.2231,71.1491,2.8,peak,N,   13984   14449   14450
ABELL_0576,0.0389,0.0558,110.3766,55.7616,110.3766,55.7617,0.2,peak,Y,    3289
ABELL_0578,0.087,0.044,111.223,66.9854,111.223,66.9854,0,peak,Y,   11749   12225
ABELL_0586,0.171,0.0494,113.0847,31.6325,113.0848,31.6329,1.5,peak,Y,   11723     530
ZwCl_0735.7+7421,0.216,0.0357,115.4346,74.244,115.4344,74.244,0.4,peak,Y,    4197   10822   10470   10469
FBQS_J074417.4+375317,1.0686,0.0564,116.0724,37.8878,116.0725,37.8878,0.3,peak,Y,    9775    9774    9408    9407
MACS_J0744.9+3927,0.698,0.0276,116.2201,39.4573,116.22,39.4568,1.7,peak,Y,    3197    3585    6111
PKS_0745-19,0.103,0.4328,116.8795,-19.2947,116.881,-19.2944,5.1,centroid,Y,   12881
WBL_154,0.022,0.0513,117.8364,50.2339,117.8377,50.2353,5.7,centroid,N,   15170
ABELL_0598,0.189,0.0394,117.855,17.5139,117.8504,17.5147,16,centroid,Y,   10442
ABELL_0611,0.288,0.0495,120.237,36.0566,120.2368,36.0567,0.5,peak,Y,    3194
ZwCl_0806.5+2822,0.3,0.0379,122.4251,28.2023,122.4288,28.2075,22.1,centroid,N,    5774
SDSS-C4_3062,0.064,0.0494,122.5973,42.2739,122.5951,42.2739,5.9,centroid,Y,   13986
ABELL_0644,0.07,0.0651,124.3585,-7.5088,124.3551,-7.5111,14.8,centroid,Y,    2211
MCXC_J0819.6+6336,0.119,0.0416,124.858,63.6238,124.8584,63.624,1,peak,Y,    2199
NGC_2563_GROUP,0.0163,0.0426,125.1485,21.0679,125.1485,21.0679,0.1,peak,Y,    7925
UGCl_120,0.029,0.0276,125.8402,4.3726,125.8402,4.3726,0,peak,Y,   15161
ZwCl_0823.2+0425,0.225,0.0271,126.4913,4.2467,126.491,4.247,1.4,peak,Y,   10441
ABELL_0665,0.182,0.0425,127.7468,65.8395,127.7468,65.8389,2.2,peak,N,   12286    3586   13201
2MFGC_06756,0.241,0.0404,128.7284,55.5722,128.7289,55.5725,1.4,peak,Y,    4940
400d_J0838+1948,0.123,0.0319,129.6288,19.8055,129.6288,19.8042,4.9,peak,N,    9397
ABELL_3411,0.169,0.0542,130.4664,-17.4627,130.4664,-17.4627,0,peak,Y,   15316   13378
NSC_J084254+292723,0.194,0.0422,130.7329,29.4576,130.7332,29.4575,0.8,peak,Y,    2224
ABELL_0697,0.282,0.0337,130.7399,36.3664,130.7398,36.366,1.3,peak,Y,    4217
RX_J0848.8+4455,0.543,0.0273,132.199,44.9378,132.199,44.9381,1,peak,N,    1708     927
ZwCL_0847.2+3617,0.378,0.0309,132.5278,36.0712,132.5278,36.0712,0,peak,Y,    1659
ZwCl_0848.5+3341,0.371,0.0309,132.9121,33.5188,132.9124,33.5191,1.4,peak,N,    4205
ZwCl_0857.9+2107,0.23,0.0337,135.1535,20.8944,135.1535,20.8945,0.7,peak,Y,   10463
ABELL_0744,0.073,0.0365,136.8355,16.6517,136.8352,16.6517,0.8,peak,Y,    6947
SDSS_+137.3+11.0+0.18,0.18,0.0361,137.3031,10.9748,137.3031,10.9756,2.7,peak,Y,     924
ABELL_0754,0.0542,0.045,137.3273,-9.6859,137.3258,-9.686,5.4,centroid,N,     577   10743
MACS_J0911.2+1746,0.505,0.0373,137.7988,17.7757,137.7988,17.7757,0,peak,N,    5012    3587
HCG_037,0.022,0.023,138.4146,29.9928,138.413,29.9952,10.1,centroid,N,    5789
2MASSi_J0913454+405628,0.442,0.0114,138.4395,40.9413,138.4405,40.9416,3.1,peak,Y,   10445
ABELL_0773,0.217,0.015,139.4711,51.728,139.469,51.7273,5.3,centroid,Y,     533    5006
Hydra_A,0.055,0.0484,139.5246,-12.0957,139.5249,-12.0955,1.4,peak,Y,    4970    4969     576
WHL_J091834.3+295318,0.289,0.0215,139.6502,29.8919,139.6502,29.8917,1,peak,N,   12186
NSC_J092017+303027,0.258,0.0191,140.1118,30.4927,140.1105,30.4938,5.6,centroid,Y,   15128
WHL_J092207.6+034558,0.28,0.0356,140.5428,3.7775,140.5422,3.777,2.8,peak,N,   11768
ABELL_0795,0.136,0.0352,141.0241,14.1739,141.0241,14.1736,1,peak,Y,   11734
400d_J0926+1242,0.489,0.035,141.6531,12.7178,141.6531,12.7178,0,peak,N,    4929    5838
UGC_05088_GROUP,0.027,0.0147,143.3573,34.0481,143.357,34.0481,1,peak,Y,    3227
WHL_J093820.9+520243,0.36,0.0136,144.5847,52.0484,144.5847,52.0482,1,peak,Y,   15137   16573
ABELL_0853,0.166,0.0349,145.5609,15.3818,145.5612,15.3807,4.1,peak,N,   12250
ABELL_0868,0.153,0.0376,146.3589,-8.6568,146.3589,-8.6568,0,peak,Y,   15109
GALEX_J094712.4+762313,0.354,0.0221,146.8028,76.3871,146.8029,76.3871,0.2,peak,Y,    2202    7902
MACS_J0949.8+1708,0.383,0.0319,147.4652,17.1187,147.4657,17.1187,2,peak,N,    3274
ZwCl_0949.6+5207,0.214,0.0088,148.2056,51.8842,148.2049,51.8848,2.5,peak,Y,    3195   12903
XMMU_J0954+1738,0.828,0.0318,148.5707,17.6349,148.571,17.6346,1.4,peak,N,   12890   13215
400d_J0956+4107,0.587,0.0058,149.0114,41.1226,149.0117,41.1224,1.4,peak,N,    5294    5759
ABELL_0907,0.153,0.0531,149.5917,-11.064,149.5914,-11.0641,1.1,peak,Y,    3185    3205     535
PLCKESZ_G264.41+19.48,0.24,0.059,150.0067,-30.2772,150.0067,-30.277,1,peak,Y,   15132
HCG_042,0.0133,0.0479,150.0593,-19.6363,150.0593,-19.6363,0.1,peak,Y,    3215
MCXC_J1000.5+4409,0.154,0.0108,150.1307,44.1458,150.1334,44.1444,8.8,centroid,Y,    9421
MACS_J1006.9+3200,0.359,0.0172,151.728,32.0286,151.7277,32.0277,3.1,peak,N,    5819
ZwCl_1006.1+1201,0.221,0.0369,152.1981,11.7908,152.1978,11.7934,9.4,centroid,Y,   13390     925
MCXC_J1010.5-1239,0.301,0.0676,152.6355,-12.6633,152.6346,-12.6658,9.3,centroid,Y,     926
ABELL_0963,0.206,0.014,154.2652,39.0471,154.2656,39.047,1.2,peak,Y,     903
ABELL_0970,0.059,0.0532,154.3481,-10.6851,154.3476,-10.6859,3.6,peak,Y,   12285
MCXC_J1022.0+3830,0.049,0.0141,155.5416,38.523,155.5418,38.5232,0.9,peak,Y,    6942
ABELL_0980,0.158,0.0109,155.6182,50.1061,155.6182,50.1061,0,peak,Y,   15105
BLOX_J1023.6+0411.1,0.291,0.0294,155.9154,4.1863,155.9156,4.1856,2.8,peak,Y,    9371     909
WHL_J102339.9+490838,0.144,0.0108,155.9162,49.1445,155.9162,49.1445,0,peak,Y,   15114
ABELL_3444,0.253,0.0546,155.9592,-27.2564,155.9592,-27.2566,0.8,peak,Y,    9400
SDSS_J1029+2623,0.584,0.0179,157.3007,26.3931,157.3007,26.3931,0,peak,N,   11755
ABELL_1033,0.126,0.0183,157.9363,35.0407,157.9367,35.0396,4.1,peak,Y,   15084   15614
Hydra_Cluster,0.0126,0.0494,159.1782,-27.5269,159.1785,-27.5284,5.2,centroid,Y,    2220
SDSSCGB_08842,0.426,0.0129,159.6786,48.8224,159.6799,48.8218,3.5,peak,N,   11756   12098
_EAD2007__188,0.072,0.031,159.9115,5.1757,159.7787,5.2091,491.2,centroid,N,   15117
ABELL_1068,0.138,0.0122,160.1855,39.9534,160.1855,39.9529,1.9,peak,Y,    1652
NGC_3402_GROUP,0.015,0.0446,162.6086,-12.845,162.6089,-12.8449,0.8,peak,Y,    3243
MCXC_J1053.7+5452,0.07,0.0086,163.3842,54.8754,163.3837,54.8792,13.8,centroid,Y,   15322
BLOX_J1056.9-0337.3,0.823,0.0366,164.2327,-3.6272,164.233,-3.6277,2.2,peak,Y,     512
ABELL_1142,0.035,0.025,165.1936,10.5478,165.192,10.5489,7.1,centroid,N,    6938
MACS_J1105.7-1014,0.466,0.042,166.4435,-10.2438,166.4438,-10.2438,1,peak,N,    5817
MACS_J1108.9+0906,0.449,0.0274,167.2304,9.0989,167.2304,9.0991,1,peak,Y,    3252    5009
NGC_3551,0.032,0.014,167.4352,21.7591,167.4343,21.7594,3.1,peak,Y,    6940
1RXS_J111039.6+284316,0.022,0.0172,167.669,28.7138,167.669,28.7138,0.1,peak,Y,    6937
ABELL_1190,0.075,0.017,167.9159,40.8402,167.9159,40.8402,0,peak,Y,   15106
ABELL_1201,0.169,0.0165,168.2278,13.4339,168.227,13.4358,7.1,centroid,Y,    9616    4216
WARP_J1113.0-2615,0.725,0.0552,168.2717,-26.261,168.2717,-26.261,0,peak,N,     915
ABELL_1204,0.171,0.0138,168.3351,17.5944,168.3351,17.594,1.6,peak,Y,    2205
SDSS_J1115+5319_CLUSTER,0.466,0.0093,168.8116,53.3333,168.8151,53.3343,8.2,centroid,Y,    5008
MACS_J1115.8+0129,0.352,0.0438,168.9661,1.499,168.9669,1.499,2.7,peak,Y,    3275    9375
WARP_J1120.1+4318,0.6,0.0205,170.0296,43.3022,170.0296,43.3022,0,peak,N,    5771
400d_J1120+2326,0.562,0.013,170.2379,23.4419,170.2379,23.443,3.9,peak,N,    1660
HCG_051,0.026,0.0132,170.6098,24.2986,170.6101,24.2976,4.1,peak,Y,    4989    5304
MCXC_J1130.0+3637,0.06,0.014,172.5131,36.637,172.5116,36.6356,6.3,centroid,Y,    6945
ABELL_1285,0.106,0.0408,172.5932,-14.5807,172.5932,-14.5807,0,peak,Y,   15309   15189
ABELL_1300,0.307,0.0444,172.9775,-19.9291,172.9774,-19.929,0.3,peak,Y,    3276   15300
ClG_1137.5+6625,0.782,0.0119,175.0935,66.1376,175.0935,66.1376,0,peak,N,     536
WHL_J114224.8+583205,0.311,0.0145,175.598,58.5203,175.6006,58.5331,46.5,centroid,Y,   15136
ABELL_1361,0.1171,0.0223,175.9151,46.3557,175.9152,46.3557,0.2,peak,Y,    2200
SDSS-C4-DR3_3018,0.051,0.0106,176.8046,55.7291,176.8274,55.74,60.7,centroid,Y,    6943
MACS_J1149.6+2223,0.5444,0.0229,177.3994,22.3986,177.3994,22.3986,0.1,peak,Y,    3589    1656
ABELL_1413,0.143,0.0187,178.8247,23.4057,178.8246,23.4061,1.5,peak,Y,    5003    5002
ABELL_1423,0.213,0.0069,179.3218,33.611,179.3219,33.6104,2.2,peak,Y,   11724     538
GMBCG_J179.81192+49.79669,0.383,0.021,179.8078,49.7943,179.8078,49.7943,0,peak,N,   15119
SDSS-C4-DR3_3144,0.081,0.0122,179.9675,55.5348,179.9679,55.5349,0.8,peak,Y,    4964
PLCKESZ_G292.51+21.98,0.3,0.0773,180.2724,-39.8745,180.2717,-39.8745,2,peak,N,   15134
ABELL_1446,0.103,0.0149,180.5176,58.0332,180.5156,58.0383,18.8,centroid,Y,    4975
400d_J1202+5751,0.677,0.0143,180.5777,57.8659,180.5736,57.8662,7.9,centroid,N,    5757
MKW_04,0.02,0.0188,181.1134,1.8952,181.1134,1.8952,0.1,peak,Y,    3234
MACS_J1206.2-0847,0.44,0.0389,181.5504,-8.8005,181.5512,-8.8007,2.8,peak,Y,    3277
400d_J1206-0744,0.068,0.0337,181.6325,-7.7407,181.6325,-7.741,1,peak,N,    9388
NGC_4104_GROUP,0.028,0.0167,181.6621,28.1742,181.6624,28.175,3.1,peak,Y,    6939
MCXC_J1215.4-3900,0.119,0.0656,183.853,-39.0355,183.8527,-39.0363,3.1,peak,Y,   15140
NSC_J121733+033929,0.077,0.0168,184.4215,3.6555,184.4238,3.6544,9.1,centroid,Y,    4184
NSCS_J121831+401236,0.32,0.02,184.6202,40.2075,184.6199,40.2078,1.4,peak,N,   10447
400d_J1221+4918,0.7,0.0143,185.3669,49.3067,185.3669,49.3067,0,peak,N,    1662
NGC_4325_GROUP,0.025,0.0215,185.7776,10.6213,185.7773,10.6222,3.1,peak,Y,    3232
NSCS_J122648+215157,0.37,0.0187,186.7123,21.8323,186.7123,21.8326,1,peak,Y,   12878
WARP_J1226.9+3332,0.89,0.0137,186.7423,33.5463,186.7432,33.5465,2.8,peak,Y,    5014    3180
MESSIER_049,0.00327,0.0163,187.4452,8.0006,187.4452,8.0006,0,peak,Y,     321   12888   12889
XMMU_J1230.3+1339,0.975,0.0264,187.5711,13.6519,187.5705,13.6516,2.2,peak,N,   11736   12209
ABELL_1553,0.165,0.0202,187.697,10.554,187.697,10.554,0,peak,Y,   12254
MCXC_J1234.2+0947,0.229,0.0183,188.6008,9.7876,188.6014,9.7892,6.2,centroid,Y,   11727
MESSIER_089,0.0011,0.0256,188.9157,12.5567,188.9157,12.5567,0.2,peak,Y,   14358   13985   14359
ABELL_1569,0.073,0.0219,189.1027,16.5398,189.1084,16.5383,20.3,centroid,Y,    6100
ABELL_1576,0.279,0.0168,189.2436,63.1868,189.2428,63.1872,1.7,peak,Y,    7938   15127
NGC_4636,0.0031,0.0182,190.7077,2.6877,190.7077,2.6877,0.2,peak,Y,     323
Centaurus_Cluster,0.0114,0.081,192.2053,-41.311,192.2053,-41.311,0.1,peak,Y,     504    5310    4954    4955
MCXC_J1252.5-3116,0.053,0.0556,193.1446,-31.2666,193.1443,-31.2669,1.4,peak,N,   12275
NGC_4759_GROUP,0.0147,0.0305,193.2739,-9.2043,193.2739,-9.2043,0.2,peak,Y,     921   10462   10874
ABELL_3528B,0.053,0.0617,193.5924,-29.013,193.5927,-29.0111,7,centroid,Y,   10746
NGC_4782-3,0.0154,0.0358,193.6504,-12.5607,193.6504,-12.5607,0.2,peak,Y,    3220
ABELL_1644,0.047,0.0521,194.3015,-17.4092,194.2986,-17.4091,10,centroid,Y,    7922    2206
ABELL_3532,0.055,0.0598,194.3418,-30.3634,194.343,-30.3626,4.9,peak,Y,   10745
NGC_4839,0.0246,0.0092,194.3517,27.4977,194.3516,27.4977,0.3,peak,Y,   12887
ABELL_1650,0.084,0.0156,194.6728,-1.762,194.6729,-1.7623,1.2,peak,N,    6356    5823    4178    7242
ABELL_1651,0.085,0.0188,194.8427,-4.1966,194.8451,-4.1961,8.8,centroid,Y,    4185
WHL_J125933.4+600409,0.33,0.0137,194.8877,60.0706,194.8877,60.0706,0,peak,Y,   15138   13382   16373
NSC_J125947+312215,0.059,0.0119,194.9665,31.352,194.9649,31.3523,5,centroid,N,    9395
ABELL_1664,0.128,0.0874,195.9271,-24.2452,195.9276,-24.2449,2.1,peak,Y,    7901    1648
ABELL_1668,0.063,0.0217,195.9442,19.2703,195.9445,19.2705,1.4,peak,Y,   12877
NGC4936-offset2,0.0103,0.0597,196.0715,-30.5261,196.0715,-30.5261,0.1,peak,Y,    4998
WHL_J130558.9+263048,0.305,0.01,196.4983,26.5157,196.4995,26.5151,4.4,peak,N,   14015
ABELL_1682,0.234,0.0138,196.708,46.5592,196.708,46.5592,0,peak,N,   11725    3244
MACS_J1311.0-0311,0.494,0.0201,197.7569,-3.1773,197.7569,-3.1776,1.3,peak,Y,    3258    6110    9381
ABELL_1689,0.183,0.0181,197.873,-1.3412,197.8734,-1.3413,1.3,peak,Y,    6930    7289    5004
400d_J1312+3900,0.404,0.0117,198.083,39.0153,198.0816,39.0148,4.4,peak,N,    5781
WHL_J131505.2+514902,0.291,0.0122,198.7682,51.8201,198.77,51.8193,4.9,peak,Y,   15123
NGC_5044,0.009,0.0494,198.8497,-16.3854,198.8498,-16.3855,0.4,peak,Y,    9399
ABELL_1722,0.328,0.0149,200.0351,70.0771,200.0351,70.0771,0,peak,N,    3278
NGC_5098_GROUP,0.037,0.0105,200.061,33.1431,200.061,33.1425,2.2,peak,Y,    6941
NGC_5129,0.023,0.0176,201.0416,13.9755,201.0416,13.9755,0,peak,Y,    7325    6944
ABELL_1736,0.046,0.0533,201.7204,-27.171,201.7061,-27.1634,53.5,centroid,Y,    4186
ABELL_3558,0.048,0.0381,201.9869,-31.4955,201.9869,-31.4955,0,peak,Y,    1646
NGC_5171,0.0229,0.0194,202.354,11.7626,202.354,11.7626,0.1,peak,Y,    3216
SSGC_081,0.05,0.0378,202.449,-31.6069,202.449,-31.6065,1.3,peak,Y,    4165
a1750ss,0.091,0.024,202.5397,-2.0986,202.5424,-2.1044,22.9,centroid,Y,   12914
ABELL_1750C,0.068,0.024,202.7107,-1.8618,202.7093,-1.8629,6.3,centroid,Y,   11879
ABELL_1750N,0.084,0.0237,202.7956,-1.7282,202.7956,-1.7282,0,peak,Y,   11878
2MASX_J13312961+1107566,0.079,0.0194,202.8734,11.1325,202.8737,11.1319,2.2,peak,N,    3213
SC_1329-313,0.048,0.0386,202.8808,-31.8245,202.865,-31.8213,49.6,centroid,Y,    4166
ABELL_3560,0.0489,0.0409,203.1071,-33.136,203.1071,-33.136,0.1,peak,Y,   12883
ABELL_1758,0.279,0.0106,203.2017,50.5424,203.2017,50.5424,0.1,peak,Y,    2213   13997   15540   15538
ABELL_3562,0.049,0.0382,203.4055,-31.6716,203.4075,-31.67,8.4,centroid,Y,    4167
ABELL_1763,0.223,0.009,203.8333,41.0005,203.8248,40.9988,23.7,centroid,Y,    3591
ABELL_1767,0.07,0.0184,204.0343,59.2055,204.0327,59.2044,4.9,peak,Y,   12282
400d_J1340+4017,0.171,0.008,205.1365,40.2942,205.1365,40.2942,0,peak,N,    3223
ABELL_1775,0.072,0.0103,205.4517,26.3709,205.4527,26.3722,5.7,centroid,Y,   12891   13510
ABELL_3571,0.0391,0.0411,206.8685,-32.8646,206.8685,-32.8646,0.1,peak,Y,    4203
LCDCS_0829,0.451,0.049,206.8776,-11.7524,206.8775,-11.7528,1.6,peak,Y,    3592   13999   14407   13516
ABELL_1795,0.0625,0.0117,207.22,26.5899,207.22,26.5899,0.1,peak,Y,     494    6160   10900     493
WHL_J134850.2+491801,0.162,0.0119,207.2526,49.3115,207.253,49.3126,4.1,peak,N,    9396
400d_J1354-0221,0.546,0.0347,208.572,-2.3674,208.572,-2.3674,0,peak,N,    4932    5835
MACS_J1354.6+7715,0.397,0.0283,208.6858,77.2551,208.6858,77.2551,0,peak,N,   11754
WHL_J135716.8+623249,0.563,0.0192,209.3195,62.5472,209.3183,62.5478,2.8,peak,N,    7267    5763
MACS_J1359.2-1929,0.447,0.0664,209.7926,-19.4903,209.7926,-19.4903,0,peak,Y,    9378
ABELL_1831,0.061,0.0134,209.8156,27.9753,209.8159,27.9756,1.4,peak,Y,   12283
WHL_J135949.5+623047,0.322,0.0193,209.9609,62.518,209.9605,62.5179,0.7,peak,Y,     516
ABELL_1835,0.253,0.0228,210.2581,2.8789,210.2581,2.8787,0.7,peak,Y,     495     496
NGC5419-offset2,0.0138,0.0554,210.9117,-33.9781,210.9117,-33.9781,0.2,peak,Y,    5000
NGC5419-offset1,0.0138,0.0555,210.9119,-33.9783,210.9119,-33.9783,0.1,peak,Y,    4999
ABELL_3581,0.023,0.0426,211.8741,-27.0183,211.8741,-27.0183,0.1,peak,Y,   12884
3C_295,0.464,0.0134,212.835,52.2029,212.8345,52.2029,1.2,peak,N,     578
G113.82+44.35,0.226,0.0208,213.4699,71.3009,213.4699,71.3009,0,peak,N,   15129
A1882a,0.141,0.0323,213.7785,-0.492,213.7848,-0.4931,23,centroid,Y,   12906   12905   12904
WARP_J1415.1+3612,1.03,0.011,213.7954,36.2022,213.7954,36.2022,0,peak,Y,   12256   12255    4163   13119
WHL_J141623.8+444528,0.386,0.0124,214.1161,44.7792,214.1164,44.7801,3.1,peak,Y,     541
LCDCS_0954,0.67,0.065,215.118,-11.5705,215.1197,-11.5707,6,centroid,N,    5824
GMBCG_J215.94948+24.07846,0.543,0.0249,215.9495,24.0785,215.949,24.0779,2.9,peak,Y,    4195
ABELL_1914,0.171,0.0095,216.5132,37.8238,216.5128,37.8244,2.6,peak,Y,    3593
WHL_J142716.1+440730,0.498,0.0139,216.8172,44.1252,216.8172,44.1271,6.9,centroid,Y,    9380    9808
MACS_J1427.6-2521,0.318,0.0609,216.9144,-25.3508,216.9177,-25.3541,16,centroid,Y,    9373    3279
ABELL_1930,0.131,0.0113,218.1582,31.6471,218.1579,31.6479,3.1,peak,Y,   11733
ABELL_1942_AND_CLUMP,0.224,0.0261,219.5915,3.6702,219.5912,3.6703,1.1,peak,Y,    3290
WBL_518,0.027,0.0272,220.1649,3.471,220.1651,3.4705,2,peak,Y,    4942
ABELL_1991,0.059,0.025,223.6314,18.6445,223.6318,18.6449,1.7,peak,Y,    3193
NSCS_J145715+222009,0.258,0.032,224.3129,22.3425,224.3129,22.3424,0.7,peak,Y,    4192
ABELL_S0780,0.236,0.0772,224.8706,-18.1793,224.8701,-18.1787,2.8,peak,Y,    9428
ABELL_2009,0.153,0.0329,225.0816,21.3699,225.0816,21.3699,0,peak,Y,   10438
NSCS_J150117+422152,0.292,0.0152,225.3442,42.3462,225.3434,42.3462,2,peak,N,    7899
WHL_J150407.5-024816,0.215,0.061,226.0311,-2.8045,226.0309,-2.8044,1,peak,Y,    5793    4935
NGC_5846,0.00571,0.0424,226.6217,1.606,226.622,1.6056,1.8,peak,Y,    7923
ABELL_2034,0.113,0.0152,227.556,33.5124,227.5521,33.511,12.7,centroid,N,   12886   12885    2204
ABELL_2029,0.0722,0.0382,227.7337,5.7448,227.7339,5.7446,1.2,peak,Y,     891    4977
MCXC_J1514.9-1523,0.223,0.0856,228.7621,-15.3895,228.7607,-15.3892,5,centroid,Y,   15175
ABELL_2052,0.03549,0.03536,229.1813,7.0222,229.1855,7.0214,15.2,centroid,Y,   10879   10479    5807   10478
ABELL_2061,0.078,0.0195,230.2929,30.6115,230.2923,30.6115,2,peak,Y,   10449
MKW_03s,0.045,0.0305,230.466,7.7081,230.4664,7.7089,3.2,peak,Y,     900
ABELL_2063,0.0349,0.0303,230.7717,8.6095,230.7702,8.6056,15,centroid,Y,    5795    6262    6263
ABELL_2069,0.116,0.0198,231.0356,29.8818,231.0474,29.872,51.2,centroid,Y,    4965
MCXC_J1524.2-3154,0.103,0.0845,231.0535,-31.9064,231.0535,-31.9045,6.9,centroid,Y,    9401
WARP_J1524.6+0957,0.516,0.0292,231.1614,9.9604,231.1614,9.9604,0,peak,N,    1664
MACS_J1532.8+3021,0.345,0.0216,233.2242,30.3497,233.2241,30.3496,0.4,peak,Y,   14009
ABELL_2092,0.067,0.0217,233.3068,31.1502,233.3234,31.1379,67.7,centroid,Y,    9384
ABELL_2107,0.041,0.0452,234.9126,21.7827,234.913,21.7827,1.2,peak,Y,    4960
ABELL_2111,0.229,0.0199,234.9244,34.4162,234.9193,34.4245,33.1,centroid,Y,   11726     544
ABELL_2104,0.153,0.0892,235.034,-3.3038,235.0339,-3.3042,1.5,peak,Y,     895
ABELL_2125,0.246,0.0278,235.3106,66.2659,235.309,66.2659,2.3,peak,Y,    2207
ABELL_2124,0.066,0.0166,236.2458,36.1091,236.2464,36.1095,2.1,peak,Y,    3238
ABELL_2146,0.2343,0.028,239.0512,66.3516,239.0512,66.3516,0.1,peak,Y,   10464   13138   13120   12247
ABELL_2142,0.091,0.0416,239.5847,27.231,239.587,27.229,10.5,centroid,Y,    1228    5005    1196
MCXC_J1558.3-1410,0.097,0.1147,239.5913,-14.1658,239.591,-14.1661,1.4,peak,Y,    9402
ABELL_2147,0.035,0.0335,240.5694,15.9768,240.5709,15.9745,9.7,centroid,Y,    3211
ABELL_2151,0.037,0.0343,241.1494,17.7215,241.1495,17.7215,0.4,peak,Y,    4996
AWM_4,0.0318,0.0498,241.2354,23.934,241.2354,23.934,0.1,peak,Y,    9423
SpARCS_J161314+564930,0.871,0.0165,243.3122,56.8253,243.3131,56.825,2.2,peak,N,   11722
ABELL_2163,0.203,0.1202,243.9412,-6.1491,243.9404,-6.1502,4.8,peak,Y,    1653
MACS_J1621.3+3810,0.465,0.0111,245.3537,38.1689,245.3533,38.1691,1.1,peak,Y,    9379    6172   10785    6109
MCXC_J1623.5+2634,0.426,0.0359,245.8973,26.5707,245.8973,26.5707,0,peak,N,     546
ABELL_2187,0.184,0.0097,246.0585,41.24,246.0584,41.2438,13.5,centroid,Y,    9422
ABELL_2204,0.152,0.0568,248.1956,5.5755,248.1955,5.5758,1.2,peak,Y,    7940
ABELL_2218,0.176,0.0315,248.9614,66.2101,248.9618,66.2118,5.9,centroid,Y,    1454    1666
ABELL_2219,0.226,0.0174,250.0829,46.7119,250.0838,46.7119,2.2,peak,Y,   14431   14356     896   14355
400d_J1641+4001,0.464,0.0102,250.4732,40.0292,250.4724,40.0292,2,peak,N,    3575
Hercules_A,0.155,0.0634,252.7842,4.9925,252.784,4.9923,1,peak,Y,    5796    6257
NGC_6269,0.035,0.0489,254.4921,27.8543,254.4921,27.8541,1,peak,Y,    4972
OC02_J1701+6412,0.453,0.0258,255.3482,64.2365,255.3463,64.2379,5.7,centroid,N,     547
ABELL_2244,0.097,0.0207,255.6778,34.0608,255.6774,34.0604,2.1,peak,Y,    4179
ABELL_2256,0.058,0.0407,255.8096,78.649,255.9357,78.6365,100.1,centroid,Y,    2419    1386
ABELL_2249,0.082,0.0257,257.4381,34.4552,257.439,34.4552,3,peak,N,   12284
Ophiuchus_CLUSTER,0.028,0.199,258.1155,-23.3685,258.1156,-23.3685,0.2,peak,Y,    3200
ABELL_2255,0.081,0.0252,258.1725,64.0728,258.1789,64.0697,15.2,centroid,Y,     894
NGC_6338,0.027,0.026,258.8454,57.4112,258.8454,57.4118,2,peak,N,    4194
ABELL_2259,0.164,0.0359,260.0317,27.6705,260.0346,27.6699,9.4,centroid,Y,    3245
SDSS-C4_3072,0.164,0.039,260.0416,26.6251,260.0414,26.6248,1.4,peak,Y,    3224    4361
MACS_J1720.2+3536,0.391,0.0334,260.0701,35.6073,260.0706,35.6066,3,peak,Y,    6107    3280
ABELL_2261,0.224,0.0331,260.6133,32.1328,260.6136,32.1329,0.9,peak,Y,    5007
ABELL_2294,0.169,0.0626,261.0495,85.8863,261.0423,85.8861,2,peak,Y,    3246
MCXC_J1731.6+2251,0.366,0.0618,262.9159,22.8606,262.9159,22.8606,0,peak,N,    3281
Abell_2276,0.141,0.0293,263.7693,64.1017,263.7693,64.1017,0,peak,Y,   10411
ZwCl_1742.1+3306,0.076,0.0367,266.0598,32.9911,266.0605,32.9916,2.6,peak,Y,   11708
NSC_J174715+451155,0.157,0.0296,266.8113,45.1968,266.8094,45.196,5.7,centroid,Y,   15118
MCXC_J1750.2+3504,0.171,0.0313,267.5704,35.0828,267.5691,35.0828,3.9,peak,Y,   12252
NGC_6482,0.0131,0.0775,267.9531,23.0719,267.9531,23.0719,0.2,peak,Y,    3218
CIZA_J1804.4+1002,0.152,0.0931,271.131,10.0571,271.1307,10.0568,1.4,peak,Y,   15098
ABELL_2302,0.179,0.0392,274.9918,57.1561,274.9917,57.1561,0,peak,Y,   15131   16579
_HB89__1821+643,0.297,0.0403,275.4876,64.3438,275.4876,64.3438,0.1,peak,Y,    9848    9846    9845    9398
MACS_J1824.3+4309,0.487,0.0447,276.0792,43.1635,276.0788,43.1638,1.4,peak,N,    3255
MACS_J1829.0+6913,0.203,0.0597,277.2735,69.2353,277.2758,69.2356,3.1,peak,Y,   10412   10931
MCXC_J1852.1+5711,0.109,0.0516,283.0358,57.1949,283.0367,57.1952,2.1,peak,Y,    5749
MCXC_J1853.9+6822,0.093,0.0536,283.5094,68.3827,283.5094,68.3827,0,peak,Y,   15121
PLCKESZ_G337.09-25.97,0.264,0.055,288.6564,-59.4722,288.6564,-59.4722,0,peak,Y,   15135
ABELL_2319,0.056,0.0845,290.2945,43.9516,290.2902,43.956,19.4,centroid,Y,    3231
MACS_J1931.8-2635,0.352,0.0903,292.9569,-26.5759,292.9569,-26.5761,0.9,peak,Y,    9382
ABELL_S0821,0.237,0.0492,293.7197,-50.8761,293.7197,-50.8761,0,peak,N,   15120
CIZA_J1938.3+5409,0.26,0.1111,294.5768,54.1597,294.5768,54.1597,0,peak,Y,   15104
MCXC_J1947.3-7623,0.217,0.0717,296.8121,-76.3958,296.8121,-76.3958,0,peak,Y,   15102
ABELL_3653,0.109,0.0487,298.2641,-52.0369,298.2623,-52.0358,5.6,centroid,Y,   10460
MCXC_J1958.2-3011,0.117,0.0852,299.5624,-30.1866,299.5623,-30.1864,1,peak,N,   13136
MCXC_J2003.5-2323,0.317,0.086,300.8713,-23.3734,300.8624,-23.3827,44.6,centroid,Y,    7916
NGC_6868,0.0095,0.0496,302.4754,-48.3799,302.4754,-48.3799,0,peak,Y,   11753    3191
MCXC_J2011.3-5725,0.279,0.0413,302.8622,-57.4199,302.8617,-57.4196,1.4,peak,Y,    4995
ABELL_3667,0.056,0.0482,303.1752,-56.8471,303.1718,-56.8433,15.5,centroid,N,    5753    5752    5751     513
MCXC_J2014.8-2430,0.161,0.077,303.7153,-24.5062,303.7156,-24.5089,9.9,centroid,Y,   11757
SPT-CL_J2023-5535,0.232,0.0515,305.8389,-55.5967,305.8389,-55.5967,0,peak,Y,   15108
MCXC_J2031.8-4037,0.342,0.0394,307.9602,-40.6252,307.9699,-40.6231,27.7,centroid,N,   13517
SPT-CLJ2034-5936,0.92,0.0583,308.5382,-59.6052,308.5382,-59.6052,0,peak,N,   12182
ABELL_3695,0.089,0.037,308.6888,-35.812,308.6884,-35.8112,3.1,peak,Y,   12274
SPT-CLJ2043-5035,0.723,0.0297,310.8231,-50.5923,310.8231,-50.5923,0,peak,Y,   13478
MACS_J2046.0-3430,0.423,0.0465,311.5021,-34.5048,311.5018,-34.5061,5,centroid,Y,    9377    5816
MCXC_J2049.9-3216,0.325,0.0558,312.484,-32.2803,312.4844,-32.2812,3.4,peak,Y,    3283
G345.40-39.34,0.0472,0.037,312.9872,-52.6296,312.9872,-52.6296,0,peak,N,   15583
ABELL_3739,0.165,0.036,316.0787,-41.3446,316.0798,-41.3449,3.1,peak,Y,   15130
SPT-CLJ2106-5844,1.132,0.049,316.5214,-58.7419,316.5214,-58.7419,0,peak,N,   12189   12180
IC_1365,0.049,0.0665,318.4822,2.5652,318.4828,2.5638,5.3,centroid,Y,   10747
ABELL_2345,0.1765,0.0488,321.7897,-12.1748,321.7897,-12.1748,0.2,peak,Y,   15103
MACS_J2129-0741,0.589,0.0475,322.3607,-7.6908,322.3607,-7.6908,0,peak,N,    3595    3199
MCXC_J2129.6+0005,0.235,0.0414,322.4218,0.1039,322.4164,0.0886,58.5,centroid,Y,    9370     552
MACS_J2135-0102,0.325,0.0429,323.7959,-1.0484,323.7968,-1.0487,3.1,peak,N,   11710
SPT-CLJ2135-5726,0.427,0.0364,323.9094,-57.441,323.9094,-57.4407,1,peak,N,   13463
WBL_671,0.051,0.0441,324.2849,0.4464,324.2863,0.4459,5.3,centroid,N,   11796
MACS_J2140.2-2339,0.313,0.0357,325.0633,-23.6611,325.0632,-23.6613,0.7,peak,Y,    4974     928    5250
SPT-CLJ2145-5644,0.48,0.0304,326.4669,-56.7477,326.4669,-56.7477,0,peak,N,   13398
SPT-CLJ2146-4633,0.933,0.0287,326.6447,-46.5492,326.6447,-46.5492,0,peak,N,   13469
ABELL_3809,0.062,0.0204,326.7462,-43.8987,326.7462,-43.8985,1,peak,Y,   15165
SPT-CLJ2148-6116,0.571,0.0292,327.1843,-61.2784,327.1843,-61.2784,0,peak,N,   13488
ABELL_2384,0.094,0.0303,328.0888,-19.5474,328.0882,-19.5478,2.1,peak,Y,    4202
ABELL_2390,0.228,0.069,328.4032,17.6954,328.4034,17.6957,1.1,peak,Y,    4193
ClG_2153.8+3746,0.292,0.2046,328.9675,38.0068,328.9678,38.0063,2.2,peak,Y,   13218   12879
ABELL_2409,0.148,0.0686,330.2184,20.9687,330.219,20.9685,2.3,peak,Y,    3247
ABELL_3827,0.098,0.023,330.4713,-59.9456,330.4717,-59.9453,1.4,peak,Y,    7920
ABELL_2415,0.058,0.0479,331.4105,-5.5925,331.4108,-5.5916,3.1,peak,Y,   12272
3C_444,0.153,0.0251,333.6066,-17.0267,333.6124,-17.0256,20.1,centroid,Y,   15091
ABELL_2426,0.098,0.0401,333.6347,-10.3705,333.6347,-10.3705,0,peak,Y,   12279
MACS_J2214-1359,0.483,0.0321,333.739,-14.0038,333.7395,-14.0026,4.5,peak,Y,    3259    5011
ABELL_3854,0.149,0.0112,334.441,-35.7244,334.4406,-35.7241,1.4,peak,Y,   15116
MCXC_J2218.6-3853,0.138,0.0139,334.6644,-38.9009,334.6651,-38.9017,3.6,peak,Y,   15101
SPT-CLJ2218-4519,0.65,0.0193,334.7479,-45.3158,334.7479,-45.3158,0,peak,N,   13501
ABELL_2443,0.108,0.0521,336.5259,17.3662,336.527,17.3654,4.9,peak,Y,   12257
ABELL_2445,0.166,0.0552,336.7336,25.8351,336.7321,25.8362,6.3,centroid,Y,   12249
ABELL_3880,0.058,0.0109,336.9766,-30.577,336.9773,-30.5763,3.2,peak,Y,    5798
MCXC_J2228.6+2036,0.412,0.046,337.1424,20.6206,337.1411,20.6218,5.9,centroid,Y,    3285
MACS_J2229.8-2756,0.324,0.0133,337.4385,-27.9267,337.439,-27.9273,2.8,peak,Y,    3286    9374
CGCG_514-050,0.017,0.1193,337.8359,39.3581,337.8355,39.3587,2.2,peak,Y,   11737   13123
SPT-CLJ2232-5959,0.594,0.026,338.1405,-59.998,338.1405,-59.998,0,peak,N,   13502
SPT-CLJ2233-5339,0.48,0.0181,338.3131,-53.6552,338.3131,-53.6552,0,peak,N,   13504
ABELL_2457,0.059,0.0578,338.9221,1.4867,338.9213,1.4862,3.5,peak,Y,   12276
Stephans_Quintet,0.0215,0.0777,338.9996,33.9721,338.9996,33.9722,0.2,peak,Y,    7924
ABELL_2465,0.245,0.04,339.9126,-5.7242,339.9117,-5.7253,4.9,peak,N,   15547   14010
CIZA_J2242.8+5301,0.192,0.3325,340.6647,52.9958,340.6656,52.9958,2,peak,Y,   14020   14019
WHL_J224319.8-093530,0.432,0.0429,340.8379,-9.5935,340.8381,-9.5952,6,centroid,N,    3260
SPT-CLJ2245-6206,0.58,0.013,341.2621,-62.1167,341.2621,-62.1167,0,peak,N,   13499
MACS_J2245.0+2637,0.304,0.0547,341.2692,26.6348,341.2694,26.6343,1.9,peak,Y,    3287
ABELL_3911,0.097,0.0151,341.6117,-52.7398,341.5639,-52.7242,118.4,centroid,Y,   15304
ABELL_2485,0.247,0.0326,342.1291,-16.1079,342.1291,-16.1078,0,peak,Y,   10439
ABELL_S1063,0.347,0.0181,342.1835,-44.5304,342.1846,-44.5301,3,peak,Y,    4966
ABELL_3921,0.093,0.0283,342.4861,-64.4302,342.491,-64.4284,10,centroid,Y,    4973
ABELL_2507,0.196,0.056,344.2194,5.5046,344.2191,5.5043,1.4,peak,Y,   12248
SPT-CLJ2259-6057,0.75,0.0198,344.7541,-60.9603,344.7541,-60.9603,0,peak,N,   13498
WARP_J2302.8+0843,0.722,0.0504,345.7006,8.7307,345.7006,8.7312,2,peak,N,     918
ABELL_2537,0.295,0.0437,347.0929,-2.1916,347.093,-2.1916,0.4,peak,Y,    9372    4962
MCXC_J2311.5+0338,0.3,0.052,347.8885,3.6353,347.8885,3.6356,1,peak,Y,   11730    3288
ABELL_2550,0.123,0.0208,347.8993,-21.7462,347.8963,-21.7449,11,centroid,Y,    2225
ABELL_2556,0.087,0.0204,348.2556,-21.6344,348.2559,-21.6346,1.1,peak,Y,    2226
ABELL_S1101,0.058,0.0183,348.4946,-42.7253,348.4949,-42.7263,3.7,peak,Y,   11758
RCS_J2318.5+0034,0.78,0.0404,349.6296,0.5674,349.6282,0.5671,5,centroid,N,    4938   11718
UGC_12491,0.0174,0.1217,349.6596,42.9581,349.6596,42.9581,0.1,peak,Y,    7896
NGC_7618,0.0173,0.1193,349.9501,42.8532,349.9501,42.8532,0.2,peak,Y,    7895
ABELL_2589,0.0414,0.0422,350.9894,16.7772,350.9888,16.7773,2,peak,Y,    7190    3210    7340
ABELL_2597,0.085,0.0249,351.3326,-12.1242,351.3324,-12.1243,0.9,peak,Y,     922    7329    6934
SPT-CL_J2331-5051,0.571,0.0154,352.9633,-50.8649,352.9632,-50.866,3.9,peak,N,    9333
ABELL_2626,0.055,0.0434,354.1267,21.1468,354.1269,21.1465,1.4,peak,Y,    3192
ABELL_2627,0.126,0.0429,354.1754,23.9248,354.1754,23.9248,0,peak,N,   11732
SPT-CL_J2337-5942,0.781,0.0269,354.3532,-59.7064,354.3532,-59.7064,0,peak,N,   11859
ABELL_2631,0.273,0.038,354.4082,0.2672,354.4107,0.2681,9.4,centroid,Y,   11728
ABELL_4023,0.193,0.0847,355.0288,-85.1974,355.0288,-85.1985,3.9,peak,N,   15124
SPT-CL_J2341-5119,0.998,0.0179,355.302,-51.3287,355.302,-51.3287,0,peak,N,   11799    9345
ABELL_2645,0.251,0.0262,355.3232,-9.0165,355.3199,-9.0253,33.6,centroid,N,   14013
MCXC_J2344.2-0422,0.079,0.0356,356.0769,-4.3816,356.0772,-4.3813,1.4,peak,Y,   12278
SPT-CL_J2344-4243,0.62,0.0197,356.1833,-42.7201,356.1833,-42.7201,0,peak,N,   13401
ABELL_2657,0.04,0.0554,356.2389,9.1921,356.2386,9.1919,1.5,peak,Y,    4941
SPT-CLJ2345-6405,0.94,0.0258,356.2485,-64.0963,356.2485,-64.0963,0,peak,N,   13500
HCG_097,0.022,0.0364,356.8459,-2.3005,356.8451,-2.2999,3.6,peak,Y,    4988
ABELL_4038,0.028,0.0154,356.9374,-28.1406,356.9299,-28.143,25.4,centroid,Y,    4992
ABELL_S1150,0.261,0.011,356.9555,-35.5867,356.9562,-35.5875,3.5,peak,N,   10484
ABELL_2665,0.056,0.0604,357.7109,6.1503,357.7095,6.1514,6.3,centroid,N,   12280
ABELL_2667,0.23,0.0165,357.9141,-26.0837,357.9142,-26.0841,1.3,peak,Y,    2214
ABELL_2670,0.076,0.0292,358.5571,-10.4192,358.5368,-10.4252,75,centroid,Y,    4959
SPT-CL_J2355-5056,0.35,0.0185,358.9477,-50.9281,358.9469,-50.9272,3.5,peak,N,   11998   11746
SPT-CL_J2359-5009,0.76,0.0144,359.9283,-50.1688,359.9296,-50.1693,3.5,peak,N,    9334   11742   11864   11997
3C_028,0.1953,0.0543,13.9635,26.4076,13.96,26.4101,14.7,centroid,N,    3233   15578   13458   13459